nombre,apellido
Ximena,Ramírez
Emilio,Gutiérrez
Patricia,Cruz
Gabriel,Pérez
Diana,Pérez
Ximena,Ramos
Laura,Sánchez
Alejandro,Morales
Beatriz,Morales
Sofía,Rojas
Emilio,Méndez
Emilio,Ramos
Fernanda,Hernández
Zacarías,González
Yolanda,Torres
Ximena,Ramírez
Zacarías,Gómez
Emilio,Morales
Alejandro,Martínez
Nadia,Ortiz
Walter,Castro
Yolanda,Paredes
Gabriel,Hernández
Valeria,Ramos
Walter,Flores
Laura,González
Alejandro,Martínez
Gabriel,Rojas
Hilda,Ortiz
Ricardo,Flores
Miguel,Martínez
Oscar,Pérez
Ignacio,Núñez
Zacarías,Martínez
Nadia,Ramos
Ximena,Flores
Julia,Núñez
Andrés,Paredes
Emilio,Rivera
Zacarías,Rivera
Andrés,Méndez
Beatriz,Gómez
Andrés,Torres
Oscar,Sánchez
Tomás,Martínez
Beatriz,Gómez
Tomás,Cruz
Ignacio,Gutiérrez
Ignacio,García
Walter,Rojas
Ximena,Gutiérrez
Zacarías,Vázquez
Patricia,Gómez
Walter,Ramos
Emilio,Méndez
Tomás,Hernández
Beatriz,Ramírez
Ignacio,Méndez
Nadia,Rivera
Laura,Pérez
Ximena,Vázquez
Gabriel,Cruz
Nadia,Ortiz
Alejandro,Paredes
Walter,Cruz
Andrés,Gómez
Tomás,Gómez
Yolanda,Hernández
Ricardo,Castro
Ricardo,Castro
Diana,Castro
Yolanda,Castro
Ignacio,Morales
Gabriel,Ramírez
Julia,Rivera
Ignacio,Díaz
Andrés,Hernández
Walter,Paredes
Gabriel,Ramírez
Tomás,Ortiz
Julia,Ramos
Fernanda,Díaz
Carlos,Flores
Emilio,Rojas
Oscar,Morales
Walter,Flores
Andrés,Ortiz
Hilda,Castro
Fernanda,Gutiérrez
Zacarías,Morales
Gabriel,Flores
Hilda,Morales
Ignacio,Castro
Nadia,López
Nadia,Martínez
Andrés,Gómez
Laura,Rivera
Emilio,Gutiérrez
Walter,Ramírez
Andrés,González
Laura,Gutiérrez
Fernanda,Castro
Tomás,Gutiérrez
Sofía,Méndez
Andrés,Núñez
Gabriel,Hernández
Sofía,González
Hilda,Vázquez
Andrés,López
Walter,Núñez
Carlos,Pérez
Patricia,Vázquez
Fernanda,Castro
Gabriel,Torres
Laura,Cruz
Tomás,Ortiz
Ricardo,Torres
Carlos,Silva
Zacarías,Pérez
Ignacio,Ramírez
Ricardo,Méndez
Walter,Rivera
Beatriz,Castro
Valeria,Pérez
Patricia,Hernández
Ximena,Morales
Carlos,Vázquez
Fernanda,Gómez
Walter,Castro
Patricia,Cruz
Andrés,Silva
Miguel,Hernández
Diana,García
Julia,López
Ricardo,Ramos
Sofía,López
Patricia,Núñez
Gabriel,García
Walter,González
Carlos,Ramírez
Nadia,Gómez
Fernanda,Cruz
Gabriel,Pérez
Andrés,Rivera
Andrés,Flores
Zacarías,Núñez
Ximena,Hernández
Carlos,Vázquez
Nadia,Méndez
Emilio,Gómez
Hilda,Hernández
Yolanda,Rojas
Ximena,Ramos
Gabriel,Ortiz
Gabriel,López
Miguel,López
Andrés,Cruz
Laura,Ortiz
Valeria,García
Tomás,Méndez
Nadia,Méndez
Yolanda,Paredes
Gabriel,Gómez
Diana,González
Ricardo,Sánchez
Yolanda,Castro
Alejandro,Castro
Nadia,Vázquez
Emilio,Sánchez
Alejandro,López
Andrés,Rivera
Hilda,Castro
Patricia,Núñez
Ricardo,Sánchez
Alejandro,Díaz
Gabriel,González
Laura,Cruz
Patricia,Torres
Gabriel,Rivera
Nadia,Rojas
Emilio,Díaz
Carlos,González
Valeria,Ramos
Ximena,Méndez
Gabriel,Castro
Ignacio,González
Laura,Vázquez
Carlos,Núñez
Andrés,González
Patricia,Castro
Gabriel,Paredes
Oscar,Gutiérrez
Yolanda,Ortiz
Carlos,Gómez
Diana,Cruz
Diana,Gómez
Fernanda,Morales
Yolanda,Sánchez
Oscar,Rojas
Tomás,Flores
